"PEP","ADP","Pyr","ATP","F16BP","V(umol/min/mg)"
2.5,5,0,0,0,2.2608829090467193
2.5,5,0.1,0,0,2.2608919734627713
2.5,5,0.25,0,0,2.029813001017293
2.5,5,0.5,0,0,1.899317937631469
2.5,5,1,0,0,1.7393516909818634
2.5,5,2.5,0,0,1.4675706549331617
2.5,5,5,0,0,0.9423150774918714
2.5,5,10,0,0,0.3612859480061079
