"PEP","ADP","Pyr","ATP","F16BP","V(umol/min/mg)"
2.5,0,0,0,0,0.08162750998844441
2.5,0.1,0,0,0,0.22484284013928252
2.5,0.25,0,0,0,0.5000385114405603
2.5,0.5,0,0,0,0.7784747114800782
2.5,1,0,0,0,1.1058184018370134
2.5,2.5,0,0,0,1.8255201096224793
2.5,5,0,0,0,1.911613696809649
2.5,10,0,0,0,1.8097106645357877
