"PEP","ADP","Pyr","ATP","F16BP","V(umol/min/mg)"
0,5,0,0,0,0.
0.1,5,0,0,0,0.0752410244928566
0.2,5,0,0,0,0.22777102739847885
0.4,5,0,0,0,0.33295343807320776
0.5,5,0,0,0,0.48569804027095387
0.75,5,0,0,0,0.7261587116237216
1,5,0,0,0,0.726523777350246
2,5,0,0,0,1.5571486982802833
